timestamp,region,pm25,temperature,humidity,predicted_pm25
2024-12-31 21:30:00+00:00,New Delhi-8118,286.0,20.16,55.91,70.426283384607
2025-01-01 01:30:00+00:00,New Delhi-8118,185.0,20.65,47.49,64.1780936314455
2025-01-01 05:30:00+00:00,New Delhi-8118,193.0,32.29,48.4,92.04369599805564
2025-01-01 09:30:00+00:00,New Delhi-8118,196.0,20.35,51.89,29.919434485027704
2025-01-01 13:30:00+00:00,New Delhi-8118,206.0,31.57,38.57,70.426283384607
2025-01-01 17:30:00+00:00,New Delhi-8118,205.0,23.98,69.18,86.08208588464765
2025-01-01 20:30:00+00:00,New Delhi-8118,158.0,33.69,32.72,60.06367593414123
2025-01-02 00:30:00+00:00,New Delhi-8118,174.0,33.43,60.81,66.7854124953037
2025-01-02 04:30:00+00:00,New Delhi-8118,204.0,27.18,45.82,56.1027729242736
2025-01-02 08:30:00+00:00,New Delhi-8118,190.0,25.99,63.46,84.96279632065126
2025-01-02 12:30:00+00:00,New Delhi-8118,198.0,34.11,62.04,63.16016232348825
2025-01-02 16:30:00+00:00,New Delhi-8118,291.0,28.25,53.05,80.74921080722518
2025-01-02 19:30:00+00:00,US Diplomatic Post: New Delhi-8118,210.0,29.13,31.61,86.08208588464765
2025-01-02 23:30:00+00:00,US Diplomatic Post: New Delhi-8118,220.0,27.44,34.85,29.919434485027704
2025-01-03 03:30:00+00:00,US Diplomatic Post: New Delhi-8118,180.0,20.74,47.07,48.74380721663289
2025-01-03 07:30:00+00:00,US Diplomatic Post: New Delhi-8118,431.0,33.42,44.12,90.40908318848084
2025-01-03 11:30:00+00:00,US Diplomatic Post: New Delhi-8118,208.0,28.36,60.2,56.1027729242736
2025-01-03 15:30:00+00:00,US Diplomatic Post: New Delhi-8118,261.0,30.71,43.18,76.43472558340807
2025-01-03 22:30:00+00:00,US Diplomatic Post: New Delhi-8118,195.0,20.07,42.54,54.80948677910085
2025-01-04 02:30:00+00:00,US Diplomatic Post: New Delhi-8118,167.0,28.97,46.22,75.78948542882888
2025-01-04 06:30:00+00:00,US Diplomatic Post: New Delhi-8118,416.0,33.53,49.48,55.80495025762493
2025-01-04 10:30:00+00:00,US Diplomatic Post: New Delhi-8118,352.0,33.31,58.75,49.87110999594393
2025-01-04 14:30:00+00:00,US Diplomatic Post: New Delhi-8118,283.0,30.16,41.54,74.62998763510218
2025-01-04 18:30:00+00:00,US Diplomatic Post: New Delhi-8118,308.0,24.36,69.65,80.85907218205094
2025-01-04 21:30:00+00:00,New Delhi-8118,-999.0,20.36,64.62,83.32429769037232
2025-01-05 01:30:00+00:00,New Delhi-8118,-999.0,25.81,35.99,83.1651082290276
2025-01-05 05:30:00+00:00,New Delhi-8118,-999.0,27.1,58.77,72.23519030235316
2025-01-05 09:30:00+00:00,New Delhi-8118,-999.0,31.13,59.95,40.07243269906338
2025-01-05 13:30:00+00:00,New Delhi-8118,-999.0,24.65,64.5,78.8272535354757
2025-01-05 17:30:00+00:00,New Delhi-8118,-999.0,23.57,49.08,58.06870200597093
2025-01-05 20:30:00+00:00,US Diplomatic Post: New Delhi-8118,-999.0,33.64,38.56,70.38484570349527
2025-01-06 00:30:00+00:00,US Diplomatic Post: New Delhi-8118,-999.0,22.92,38.51,53.19415060842909
2025-01-06 04:30:00+00:00,US Diplomatic Post: New Delhi-8118,-999.0,32.96,59.22,61.39873132293818
2025-01-06 08:30:00+00:00,US Diplomatic Post: New Delhi-8118,-999.0,27.76,51.15,54.51168355822709
2025-01-06 12:30:00+00:00,US Diplomatic Post: New Delhi-8118,-999.0,28.07,63.64,85.68117685472697
2024-12-31 20:30:00+00:00,New Delhi-8118,343.0,31.96,58.66,61.39873132293818
2025-01-01 00:30:00+00:00,New Delhi-8118,189.0,30.4,33.38,53.826437870208565
2025-01-01 04:30:00+00:00,New Delhi-8118,170.0,20.3,34.4,51.069250571435866
2025-01-01 08:30:00+00:00,New Delhi-8118,202.0,32.99,44.8,67.43245391437057
2025-01-01 12:30:00+00:00,New Delhi-8118,203.0,23.11,41.84,75.33228635356946
2025-01-01 16:30:00+00:00,New Delhi-8118,213.0,21.19,37.86,51.069250571435866
2025-01-01 19:30:00+00:00,New Delhi-8118,163.0,32.97,30.31,80.01532193363228
2025-01-01 23:30:00+00:00,New Delhi-8118,176.0,23.52,45.46,51.069250571435866
2025-01-02 03:30:00+00:00,New Delhi-8118,167.0,29.2,57.94,52.6670299696985
2025-01-02 07:30:00+00:00,New Delhi-8118,179.0,28.4,69.57,54.82250000818336
2025-01-02 11:30:00+00:00,New Delhi-8118,191.0,20.13,49.35,26.024969110817555
2025-01-02 15:30:00+00:00,New Delhi-8118,308.0,27.01,49.16,70.7404818391534
2025-01-02 22:30:00+00:00,US Diplomatic Post: New Delhi-8118,200.0,26.72,61.85,67.43245391437057
2025-01-03 02:30:00+00:00,US Diplomatic Post: New Delhi-8118,203.0,21.1,53.36,57.85423484424181
2025-01-03 06:30:00+00:00,US Diplomatic Post: New Delhi-8118,349.0,32.17,38.91,51.069250571435866
2025-01-03 10:30:00+00:00,US Diplomatic Post: New Delhi-8118,278.0,30.98,42.9,80.3076160033762
2025-01-03 14:30:00+00:00,US Diplomatic Post: New Delhi-8118,265.0,33.69,60.53,75.33228635356946
2025-01-03 18:30:00+00:00,US Diplomatic Post: New Delhi-8118,333.0,21.31,38.93,26.47630147190539
2025-01-03 21:30:00+00:00,US Diplomatic Post: New Delhi-8118,149.0,33.21,65.77,61.50434773220143
2025-01-04 01:30:00+00:00,US Diplomatic Post: New Delhi-8118,179.0,20.27,65.23,62.80152130024849
2025-01-04 05:30:00+00:00,US Diplomatic Post: New Delhi-8118,334.0,24.36,37.69,31.263871372452236
2025-01-04 09:30:00+00:00,US Diplomatic Post: New Delhi-8118,370.0,34.97,51.98,52.68357785072365
2025-01-04 13:30:00+00:00,US Diplomatic Post: New Delhi-8118,278.0,24.25,55.0,56.14777118716759
2025-01-04 17:30:00+00:00,US Diplomatic Post: New Delhi-8118,303.0,20.19,46.44,55.44077680319729
2025-01-04 20:30:00+00:00,New Delhi-8118,219.0,24.58,62.19,46.67106630337541
2025-01-05 00:30:00+00:00,New Delhi-8118,-999.0,33.65,51.53,36.67164632295189
2025-01-05 04:30:00+00:00,New Delhi-8118,-999.0,22.63,50.59,42.25026688998348
2025-01-05 08:30:00+00:00,New Delhi-8118,-999.0,31.9,68.09,58.61356740659525
2025-01-05 12:30:00+00:00,New Delhi-8118,-999.0,30.52,64.28,43.35457904194016
2025-01-05 16:30:00+00:00,New Delhi-8118,-999.0,25.21,69.97,58.144541344126445
2025-01-05 19:30:00+00:00,US Diplomatic Post: New Delhi-8118,-999.0,23.11,42.34,50.824517607493526
2025-01-05 23:30:00+00:00,US Diplomatic Post: New Delhi-8118,-999.0,26.88,53.99,42.27589220243853
2025-01-06 03:30:00+00:00,US Diplomatic Post: New Delhi-8118,-999.0,24.51,57.15,49.69124188598907
2025-01-06 07:30:00+00:00,US Diplomatic Post: New Delhi-8118,-999.0,29.99,57.28,53.25938233847094
2025-01-06 11:30:00+00:00,US Diplomatic Post: New Delhi-8118,-999.0,26.79,43.64,58.46167158096559
2024-12-31 19:30:00+00:00,New Delhi-8118,371.0,23.05,48.52,42.27589220243853
2024-12-31 23:30:00+00:00,New Delhi-8118,187.0,31.79,59.99,50.824517607493526
2025-01-01 03:30:00+00:00,New Delhi-8118,154.0,28.47,31.41,53.25938233847094
2025-01-01 07:30:00+00:00,New Delhi-8118,176.0,21.0,52.27,49.69124188598907
2025-01-01 11:30:00+00:00,New Delhi-8118,204.0,22.73,40.2,40.82369799849086
2025-01-01 15:30:00+00:00,New Delhi-8118,211.0,30.96,48.88,60.35577176373116
2025-01-01 22:30:00+00:00,New Delhi-8118,173.0,22.59,56.19,46.83158915092009
2025-01-02 02:30:00+00:00,New Delhi-8118,140.0,33.23,50.12,46.83158915092009
2025-01-02 06:30:00+00:00,New Delhi-8118,209.0,32.09,54.59,38.95275730759554
2025-01-02 10:30:00+00:00,New Delhi-8118,217.0,21.02,35.9,39.374357227272704
2025-01-02 14:30:00+00:00,New Delhi-8118,262.0,23.85,36.01,36.2776213906785
2025-01-02 18:30:00+00:00,New Delhi-8118,208.0,25.76,63.7,55.770122844100186
2025-01-02 21:30:00+00:00,US Diplomatic Post: New Delhi-8118,211.0,20.82,59.96,55.30739184421707
2025-01-03 01:30:00+00:00,US Diplomatic Post: New Delhi-8118,-999.0,29.97,40.56,38.95275730759554
2025-01-03 05:30:00+00:00,US Diplomatic Post: New Delhi-8118,258.0,23.44,61.99,26.7780118265328
2025-01-03 09:30:00+00:00,US Diplomatic Post: New Delhi-8118,330.0,32.71,47.3,46.36810699114611
2025-01-03 13:30:00+00:00,US Diplomatic Post: New Delhi-8118,237.0,31.88,37.06,39.96285906211369
2025-01-03 17:30:00+00:00,US Diplomatic Post: New Delhi-8118,352.0,20.97,33.35,51.17488316722643
2025-01-03 20:30:00+00:00,US Diplomatic Post: New Delhi-8118,192.0,34.89,38.02,54.71884603835168
2025-01-04 00:30:00+00:00,US Diplomatic Post: New Delhi-8118,190.0,22.34,46.94,46.36810699114611
2025-01-04 04:30:00+00:00,US Diplomatic Post: New Delhi-8118,225.0,32.26,35.1,39.374357227272704
2025-01-04 08:30:00+00:00,US Diplomatic Post: New Delhi-8118,400.0,32.71,59.54,54.02791848696428
2025-01-04 12:30:00+00:00,US Diplomatic Post: New Delhi-8118,288.0,33.46,64.0,43.56205760615071
2025-01-04 16:30:00+00:00,US Diplomatic Post: New Delhi-8118,323.0,26.83,46.92,39.374357227272704
2025-01-04 19:30:00+00:00,New Delhi-8118,254.0,21.76,58.37,50.00897788044941
2025-01-04 23:30:00+00:00,New Delhi-8118,-999.0,30.17,52.67,48.3839080850266
2025-01-05 03:30:00+00:00,New Delhi-8118,-999.0,30.82,43.99,67.27018535723744
2025-01-05 07:30:00+00:00,New Delhi-8118,-999.0,25.32,56.12,49.60010274668238
2025-01-05 11:30:00+00:00,New Delhi-8118,-999.0,20.81,63.51,64.06465156981687
2025-01-05 15:30:00+00:00,New Delhi-8118,-999.0,26.76,62.77,45.63863626248125
2025-01-05 22:30:00+00:00,US Diplomatic Post: New Delhi-8118,-999.0,22.96,57.64,41.129943272081775
2025-01-06 02:30:00+00:00,US Diplomatic Post: New Delhi-8118,-999.0,24.75,34.08,64.06465156981687
2025-01-06 06:30:00+00:00,US Diplomatic Post: New Delhi-8118,-999.0,33.42,45.64,45.63863626248125
2025-01-06 10:30:00+00:00,US Diplomatic Post: New Delhi-8118,-999.0,21.61,52.61,45.13094974879238
2024-12-31 22:30:00+00:00,New Delhi-8118,204.0,25.04,46.84,56.50198231935251
2025-01-01 02:30:00+00:00,New Delhi-8118,165.0,24.72,33.28,73.9015241194604
2025-01-01 06:30:00+00:00,New Delhi-8118,188.0,21.58,54.71,44.82401085920035
2025-01-01 10:30:00+00:00,New Delhi-8118,202.0,27.42,69.05,70.19416167675651
2025-01-01 14:30:00+00:00,New Delhi-8118,196.0,27.9,69.83,44.82401085920035
2025-01-01 18:30:00+00:00,New Delhi-8118,200.0,33.26,50.42,76.14846817696335
2025-01-01 21:30:00+00:00,New Delhi-8118,173.0,32.7,48.86,49.0026782478244
2025-01-02 01:30:00+00:00,New Delhi-8118,153.0,33.43,43.46,55.95508624839152
2025-01-02 05:30:00+00:00,New Delhi-8118,204.0,32.49,69.8,68.05091283897815
2025-01-02 09:30:00+00:00,New Delhi-8118,213.0,26.75,52.96,70.034630327872
2025-01-02 13:30:00+00:00,New Delhi-8118,217.0,27.89,61.38,77.42409309668075
2025-01-02 17:30:00+00:00,New Delhi-8118,210.0,28.67,43.18,46.09963577891776
2025-01-02 20:30:00+00:00,US Diplomatic Post: New Delhi-8118,213.0,29.81,61.41,57.82552683783615
2025-01-03 00:30:00+00:00,US Diplomatic Post: New Delhi-8118,-999.0,21.74,58.6,53.45746206991823
2025-01-03 04:30:00+00:00,US Diplomatic Post: New Delhi-8118,210.0,26.9,64.19,55.95508624839152
2025-01-03 08:30:00+00:00,US Diplomatic Post: New Delhi-8118,382.0,32.91,39.46,53.45746206991823
2025-01-03 12:30:00+00:00,US Diplomatic Post: New Delhi-8118,213.0,27.33,52.89,57.82552683783615
2025-01-03 16:30:00+00:00,US Diplomatic Post: New Delhi-8118,345.0,31.15,33.2,63.34040968330451
2025-01-03 19:30:00+00:00,US Diplomatic Post: New Delhi-8118,250.0,31.05,48.24,35.10355756796521
2025-01-03 23:30:00+00:00,US Diplomatic Post: New Delhi-8118,180.0,28.79,63.95,41.91957442091205
2025-01-04 03:30:00+00:00,US Diplomatic Post: New Delhi-8118,169.0,27.04,47.89,30.284220405022367
2025-01-04 07:30:00+00:00,US Diplomatic Post: New Delhi-8118,442.0,25.47,42.41,34.561748129911564
2025-01-04 11:30:00+00:00,US Diplomatic Post: New Delhi-8118,301.0,27.08,49.52,33.16145242029758
2025-01-04 15:30:00+00:00,US Diplomatic Post: New Delhi-8118,313.0,22.34,30.97,23.23083354269331
2025-01-04 22:30:00+00:00,New Delhi-8118,-999.0,32.48,62.47,39.639965846605406
2025-01-05 02:30:00+00:00,New Delhi-8118,-999.0,26.1,49.93,50.056608898574986
2025-01-05 06:30:00+00:00,New Delhi-8118,-999.0,26.3,46.38,71.53153397842304
2025-01-05 10:30:00+00:00,New Delhi-8118,-999.0,30.53,36.79,55.91086030931413
2025-01-05 14:30:00+00:00,New Delhi-8118,-999.0,22.14,35.65,58.49764081286377
2025-01-05 18:30:00+00:00,New Delhi-8118,-999.0,25.98,53.1,41.91957442091205
2025-01-05 21:30:00+00:00,US Diplomatic Post: New Delhi-8118,-999.0,27.1,66.12,55.7206248203765
2025-01-06 01:30:00+00:00,US Diplomatic Post: New Delhi-8118,-999.0,21.72,35.28,39.61781142490641
2025-01-06 05:30:00+00:00,US Diplomatic Post: New Delhi-8118,-999.0,21.2,51.74,20.94892731912141
2025-01-06 09:30:00+00:00,US Diplomatic Post: New Delhi-8118,-999.0,28.87,42.24,36.24791163510926
2025-01-06 13:30:00+00:00,US Diplomatic Post: New Delhi-8118,-999.0,23.09,61.53,59.598731009705325
2025-01-06 17:30:00+00:00,US Diplomatic Post: New Delhi-8118,-999.0,27.03,62.16,41.21767527166486
2025-01-06 20:30:00+00:00,US Diplomatic Post: New Delhi-8118,-999.0,32.99,41.61,38.57074179806995
2025-01-07 00:30:00+00:00,US Diplomatic Post: New Delhi-8118,-999.0,32.34,61.51,41.21767527166486
2025-01-07 04:30:00+00:00,US Diplomatic Post: New Delhi-8118,-999.0,34.83,56.13,66.20515344903123
2025-01-07 08:30:00+00:00,US Diplomatic Post: New Delhi-8118,-999.0,22.42,40.33,47.74937864687899
2025-01-07 12:30:00+00:00,US Diplomatic Post: New Delhi-8118,-999.0,23.57,58.81,29.611503485044864
2025-01-07 16:30:00+00:00,US Diplomatic Post: New Delhi-8118,-999.0,26.08,35.21,42.96472071639551
2025-01-07 19:30:00+00:00,US Diplomatic Post: New Delhi-8118,-999.0,26.17,46.85,43.49728384597149
2025-01-07 23:30:00+00:00,US Diplomatic Post: New Delhi-8118,-999.0,28.72,56.4,45.683491598718575
2025-01-08 03:30:00+00:00,US Diplomatic Post: New Delhi-8118,-999.0,31.58,64.79,-2.3457920878409366
2025-01-08 07:30:00+00:00,US Diplomatic Post: New Delhi-8118,80.0,29.54,56.52,57.48856973437357
2025-01-08 11:30:00+00:00,US Diplomatic Post: New Delhi-8118,66.0,23.72,45.53,57.82478134885971
2025-01-06 14:30:00+00:00,US Diplomatic Post: New Delhi-8118,-999.0,34.99,34.45,35.180790625108585
2025-01-06 18:30:00+00:00,US Diplomatic Post: New Delhi-8118,-999.0,32.71,31.72,35.33781345915495
2025-01-06 21:30:00+00:00,US Diplomatic Post: New Delhi-8118,-999.0,21.59,30.08,44.58834359463459
2025-01-07 01:30:00+00:00,US Diplomatic Post: New Delhi-8118,-999.0,27.12,68.09,43.49728384597149
2025-01-07 05:30:00+00:00,US Diplomatic Post: New Delhi-8118,-999.0,34.64,63.98,45.365364214973766
2025-01-07 09:30:00+00:00,US Diplomatic Post: New Delhi-8118,-999.0,27.58,66.01,57.82478134885971
2025-01-07 13:30:00+00:00,US Diplomatic Post: New Delhi-8118,-999.0,29.83,66.59,41.17222853360533
2025-01-07 17:30:00+00:00,US Diplomatic Post: New Delhi-8118,-999.0,33.0,38.38,27.07467752818782
2025-01-07 20:30:00+00:00,US Diplomatic Post: New Delhi-8118,-999.0,34.63,41.37,62.00959508840024
2025-01-08 00:30:00+00:00,US Diplomatic Post: New Delhi-8118,-999.0,28.39,69.55,40.94747270533127
2025-01-08 04:30:00+00:00,US Diplomatic Post: New Delhi-8118,-999.0,24.71,47.55,60.52627963426416
2025-01-08 08:30:00+00:00,US Diplomatic Post: New Delhi-8118,81.0,28.9,63.45,65.21512887582081
2025-01-06 15:30:00+00:00,US Diplomatic Post: New Delhi-8118,-999.0,34.93,40.19,38.9110331311271
2025-01-06 22:30:00+00:00,US Diplomatic Post: New Delhi-8118,-999.0,24.27,60.53,50.36319157690397
2025-01-07 02:30:00+00:00,US Diplomatic Post: New Delhi-8118,-999.0,26.76,41.6,43.763759874404414
2025-01-07 06:30:00+00:00,US Diplomatic Post: New Delhi-8118,-999.0,29.9,61.5,50.36319157690397
2025-01-07 10:30:00+00:00,US Diplomatic Post: New Delhi-8118,-999.0,34.68,52.63,38.77257756152168
2025-01-07 14:30:00+00:00,US Diplomatic Post: New Delhi-8118,-999.0,24.92,34.19,57.48856973437357
2025-01-07 18:30:00+00:00,US Diplomatic Post: New Delhi-8118,-999.0,30.88,62.49,43.763759874404414
2025-01-07 21:30:00+00:00,US Diplomatic Post: New Delhi-8118,-999.0,25.74,47.68,27.07467752818782
2025-01-08 01:30:00+00:00,US Diplomatic Post: New Delhi-8118,-999.0,28.55,58.91,57.48856973437357
2025-01-08 05:30:00+00:00,US Diplomatic Post: New Delhi-8118,-999.0,20.54,44.05,58.39954171848565
2025-01-08 09:30:00+00:00,US Diplomatic Post: New Delhi-8118,81.0,31.79,50.08,48.90417970656667
2025-01-06 16:30:00+00:00,US Diplomatic Post: New Delhi-8118,-999.0,34.88,63.03,71.28281925798143
2025-01-06 19:30:00+00:00,US Diplomatic Post: New Delhi-8118,-999.0,29.08,56.94,47.322365104901024
2025-01-06 23:30:00+00:00,US Diplomatic Post: New Delhi-8118,-999.0,20.07,51.44,62.450860920417206
2025-01-07 03:30:00+00:00,US Diplomatic Post: New Delhi-8118,-999.0,20.01,54.15,42.73798311338082
2025-01-07 07:30:00+00:00,US Diplomatic Post: New Delhi-8118,-999.0,21.13,51.58,44.2161201492022
2025-01-07 11:30:00+00:00,US Diplomatic Post: New Delhi-8118,-999.0,22.48,43.07,45.38521648994607
2025-01-07 15:30:00+00:00,US Diplomatic Post: New Delhi-8118,-999.0,32.64,59.03,38.9110331311271
2025-01-07 22:30:00+00:00,US Diplomatic Post: New Delhi-8118,-999.0,23.03,43.18,51.269179750444536
2025-01-08 02:30:00+00:00,US Diplomatic Post: New Delhi-8118,-999.0,32.35,59.23,45.38521648994607
2025-01-08 06:30:00+00:00,US Diplomatic Post: New Delhi-8118,99.0,25.1,59.67,41.17222853360533
2025-01-08 10:30:00+00:00,US Diplomatic Post: New Delhi-8118,70.0,29.88,48.94,66.75145089132081
2025-01-16 02:30:00+00:00,US Diplomatic Post: New Delhi-8118,110.0,33.1,54.11,56.289380443153874
2025-01-16 06:30:00+00:00,US Diplomatic Post: New Delhi-8118,124.0,30.97,68.87,71.28281925798143
2025-01-16 10:30:00+00:00,US Diplomatic Post: New Delhi-8118,125.0,28.22,50.76,66.75145089132081
2025-01-16 14:30:00+00:00,US Diplomatic Post: New Delhi-8118,175.0,28.09,48.23,58.39954171848565
2025-01-16 18:30:00+00:00,US Diplomatic Post: New Delhi-8118,310.0,28.51,51.08,61.88110849914328
2025-01-16 21:30:00+00:00,US Diplomatic Post: New Delhi-8118,211.0,32.94,52.94,74.41418688485977
2025-01-17 01:30:00+00:00,US Diplomatic Post: New Delhi-8118,118.0,24.26,63.26,39.94227078938699
2025-01-17 05:30:00+00:00,US Diplomatic Post: New Delhi-8118,165.0,30.11,41.6,49.42840887588407
2025-01-17 09:30:00+00:00,US Diplomatic Post: New Delhi-8118,112.0,24.95,35.28,60.75197776555324
2025-01-17 13:30:00+00:00,US Diplomatic Post: New Delhi-8118,140.0,21.48,60.94,55.26019260726066
2025-01-17 17:30:00+00:00,US Diplomatic Post: New Delhi-8118,142.0,33.18,56.81,51.66536290918267
2025-01-16 04:30:00+00:00,US Diplomatic Post: New Delhi-8118,147.0,22.48,57.06,56.82870105629348
2025-01-16 08:30:00+00:00,US Diplomatic Post: New Delhi-8118,101.0,30.31,57.51,74.41418688485977
2025-01-16 12:30:00+00:00,US Diplomatic Post: New Delhi-8118,127.0,32.58,55.04,59.38023702789467
2025-01-16 16:30:00+00:00,US Diplomatic Post: New Delhi-8118,277.0,26.99,53.27,69.90793852479177
2025-01-16 19:30:00+00:00,US Diplomatic Post: New Delhi-8118,-999.0,34.81,41.13,51.485600459120135
2025-01-16 23:30:00+00:00,US Diplomatic Post: New Delhi-8118,132.0,22.45,34.24,55.26019260726066
2025-01-17 03:30:00+00:00,US Diplomatic Post: New Delhi-8118,138.0,25.76,30.98,74.41418688485977
2025-01-17 07:30:00+00:00,US Diplomatic Post: New Delhi-8118,143.0,34.76,48.53,63.42166259923822
2025-01-17 11:30:00+00:00,US Diplomatic Post: New Delhi-8118,119.0,20.89,60.79,60.96218835501264
2025-01-17 15:30:00+00:00,US Diplomatic Post: New Delhi-8118,161.0,31.79,46.35,63.42166259923822
2025-01-16 03:30:00+00:00,US Diplomatic Post: New Delhi-8118,115.0,33.35,47.46,74.41418688485977
2025-01-16 07:30:00+00:00,US Diplomatic Post: New Delhi-8118,121.0,23.56,39.36,56.82870105629348
2025-01-16 11:30:00+00:00,US Diplomatic Post: New Delhi-8118,129.0,26.26,48.86,39.94227078938699
2025-01-16 15:30:00+00:00,US Diplomatic Post: New Delhi-8118,227.0,24.0,31.23,61.88110849914328
2025-01-16 22:30:00+00:00,US Diplomatic Post: New Delhi-8118,196.0,29.17,51.99,66.58112499044896
2025-01-17 02:30:00+00:00,US Diplomatic Post: New Delhi-8118,126.0,28.06,64.69,59.02820689949548
2025-01-17 06:30:00+00:00,US Diplomatic Post: New Delhi-8118,166.0,24.3,68.68,28.149456690189297
2025-01-17 10:30:00+00:00,US Diplomatic Post: New Delhi-8118,108.0,31.98,53.04,55.58860070482741
2025-01-17 14:30:00+00:00,US Diplomatic Post: New Delhi-8118,170.0,21.44,33.79,44.28927383155647
2025-01-17 18:30:00+00:00,US Diplomatic Post: New Delhi-8118,130.0,27.64,55.02,49.33597595519337
2025-01-08 13:30:00+00:00,US Diplomatic Post: New Delhi-8118,117.0,27.99,56.95,28.455816577998245
2025-01-08 17:30:00+00:00,US Diplomatic Post: New Delhi-8118,270.0,30.44,51.93,70.52396147678287
2025-01-08 20:30:00+00:00,US Diplomatic Post: New Delhi-8118,234.0,20.35,61.9,23.25196874096241
2025-01-09 00:30:00+00:00,US Diplomatic Post: New Delhi-8118,176.0,20.25,62.12,-4.305519037552746
2025-01-09 04:30:00+00:00,US Diplomatic Post: New Delhi-8118,183.0,34.56,69.64,55.815929218649146
2025-01-09 08:30:00+00:00,US Diplomatic Post: New Delhi-8118,427.0,21.19,69.83,31.478961468637085
2025-01-09 12:30:00+00:00,US Diplomatic Post: New Delhi-8118,305.0,28.26,62.75,-26.8058457708706
2025-01-09 16:30:00+00:00,US Diplomatic Post: New Delhi-8118,338.0,34.79,37.62,17.106374937851005
2025-01-09 19:30:00+00:00,US Diplomatic Post: New Delhi-8118,351.0,25.05,68.27,22.22969713587953
2025-01-09 23:30:00+00:00,US Diplomatic Post: New Delhi-8118,349.0,25.17,44.27,60.7420769001787
2025-01-08 14:30:00+00:00,US Diplomatic Post: New Delhi-8118,129.0,30.11,66.69,53.83228931744039
2025-01-08 18:30:00+00:00,US Diplomatic Post: New Delhi-8118,260.0,23.52,42.66,74.37757475519244
2025-01-08 21:30:00+00:00,US Diplomatic Post: New Delhi-8118,200.0,23.63,48.61,60.7420769001787
2025-01-09 01:30:00+00:00,US Diplomatic Post: New Delhi-8118,160.0,33.57,39.3,62.9642752669012
2025-01-09 05:30:00+00:00,US Diplomatic Post: New Delhi-8118,161.0,21.44,31.17,63.59068975745001
2025-01-09 09:30:00+00:00,US Diplomatic Post: New Delhi-8118,369.0,33.26,54.33,61.93706349123821
2025-01-09 13:30:00+00:00,US Diplomatic Post: New Delhi-8118,374.0,29.64,37.65,68.43906605475168
2025-01-09 17:30:00+00:00,US Diplomatic Post: New Delhi-8118,339.0,27.77,66.43,63.599135336077055
2025-01-09 20:30:00+00:00,US Diplomatic Post: New Delhi-8118,359.0,25.49,61.02,68.76255090323653
2025-01-10 00:30:00+00:00,US Diplomatic Post: New Delhi-8118,289.0,25.33,41.62,74.37757475519244
2025-01-10 01:30:00+00:00,US Diplomatic Post: New Delhi-8118,157.0,25.06,69.94,62.73446574399567
2025-01-10 05:30:00+00:00,US Diplomatic Post: New Delhi-8118,248.0,31.2,38.49,76.90225856349677
2025-01-10 09:30:00+00:00,US Diplomatic Post: New Delhi-8118,209.0,28.91,43.13,61.93706349123821
2025-01-10 13:30:00+00:00,US Diplomatic Post: New Delhi-8118,217.0,33.92,40.39,65.03987723664423
2025-01-10 17:30:00+00:00,US Diplomatic Post: New Delhi-8118,290.0,34.8,41.93,79.58402938360558
2025-01-10 20:30:00+00:00,US Diplomatic Post: New Delhi-8118,188.0,34.95,42.13,74.42905956972304
2025-01-11 00:30:00+00:00,US Diplomatic Post: New Delhi-8118,138.0,23.89,30.79,70.20578224794681
2025-01-11 04:30:00+00:00,US Diplomatic Post: New Delhi-8118,157.0,31.78,31.93,80.96438921369737
2025-01-11 08:30:00+00:00,US Diplomatic Post: New Delhi-8118,182.0,29.69,42.53,54.107594377549134
2025-01-11 12:30:00+00:00,US Diplomatic Post: New Delhi-8118,226.0,28.13,57.78,74.42905956972304
2025-01-19 05:30:00+00:00,US Diplomatic Post: New Delhi-8118,386.0,28.29,63.92,78.07211117707699
2025-01-19 09:30:00+00:00,US Diplomatic Post: New Delhi-8118,-999.0,22.1,62.73,109.3187156183687
2025-01-19 13:30:00+00:00,US Diplomatic Post: New Delhi-8118,129.0,31.27,37.76,54.107594377549134
2025-01-19 17:30:00+00:00,US Diplomatic Post: New Delhi-8118,257.0,29.75,54.09,74.35972447772475
2025-01-19 20:30:00+00:00,US Diplomatic Post: New Delhi-8118,211.0,25.0,55.64,79.21289878450101
2025-01-20 00:30:00+00:00,US Diplomatic Post: New Delhi-8118,156.0,31.75,64.11,67.40998385260944
2025-01-20 04:30:00+00:00,US Diplomatic Post: New Delhi-8118,154.0,24.47,66.0,82.82917386208119
2025-01-20 08:30:00+00:00,US Diplomatic Post: New Delhi-8118,-999.0,30.73,63.4,76.50950768434949
2025-01-20 12:30:00+00:00,US Diplomatic Post: New Delhi-8118,125.0,26.76,36.66,77.32060194368063
2025-01-20 16:30:00+00:00,US Diplomatic Post: New Delhi-8118,211.0,32.37,46.95,79.7088479195417
2025-01-10 02:30:00+00:00,US Diplomatic Post: New Delhi-8118,183.0,30.44,62.46,84.54322182117171
2025-01-10 06:30:00+00:00,US Diplomatic Post: New Delhi-8118,220.0,31.4,41.54,79.59358892035257
2025-01-10 10:30:00+00:00,US Diplomatic Post: New Delhi-8118,199.0,20.9,43.09,76.55227429430265
2025-01-10 14:30:00+00:00,US Diplomatic Post: New Delhi-8118,-999.0,25.15,51.65,77.48279461353823
2025-01-10 18:30:00+00:00,US Diplomatic Post: New Delhi-8118,281.0,34.0,67.4,72.10492261938077
2025-01-10 21:30:00+00:00,US Diplomatic Post: New Delhi-8118,160.0,24.24,47.05,79.59358892035257
2025-01-11 01:30:00+00:00,US Diplomatic Post: New Delhi-8118,128.0,22.27,52.38,70.13186719635569
2025-01-11 05:30:00+00:00,US Diplomatic Post: New Delhi-8118,183.0,33.11,47.08,71.82631761324086
2025-01-11 09:30:00+00:00,US Diplomatic Post: New Delhi-8118,192.0,20.75,49.76,102.80378411898953
2025-01-11 13:30:00+00:00,US Diplomatic Post: New Delhi-8118,164.0,32.02,62.06,78.3927630442596
2025-01-16 05:30:00+00:00,US Diplomatic Post: New Delhi-8118,159.0,30.67,45.85,73.7561357263541
2025-01-16 09:30:00+00:00,US Diplomatic Post: New Delhi-8118,105.0,30.13,66.65,83.20321608307873
2025-01-16 13:30:00+00:00,US Diplomatic Post: New Delhi-8118,142.0,21.36,61.82,73.7561357263541
2025-01-16 17:30:00+00:00,US Diplomatic Post: New Delhi-8118,311.0,28.61,66.34,82.94095320025512
2025-01-16 20:30:00+00:00,US Diplomatic Post: New Delhi-8118,228.0,26.82,39.5,72.35461637607284
2025-01-17 00:30:00+00:00,US Diplomatic Post: New Delhi-8118,133.0,24.0,49.47,59.09555397423868
2025-01-17 04:30:00+00:00,US Diplomatic Post: New Delhi-8118,157.0,20.35,36.2,75.91612594823155
2025-01-17 08:30:00+00:00,US Diplomatic Post: New Delhi-8118,116.0,21.55,65.22,63.83553066882391
2025-01-17 12:30:00+00:00,US Diplomatic Post: New Delhi-8118,128.0,27.56,54.62,67.25507170498943
2025-01-17 16:30:00+00:00,US Diplomatic Post: New Delhi-8118,144.0,21.44,66.38,74.78825266364383
2025-01-19 04:30:00+00:00,US Diplomatic Post: New Delhi-8118,369.0,32.1,40.75,67.25507170498943
2025-01-19 08:30:00+00:00,US Diplomatic Post: New Delhi-8118,94.0,29.59,61.85,63.83553066882391
2025-01-19 12:30:00+00:00,US Diplomatic Post: New Delhi-8118,120.0,27.47,61.6,77.75931088281237
2025-01-19 16:30:00+00:00,US Diplomatic Post: New Delhi-8118,230.0,21.87,39.73,75.91612594823155
2025-01-19 19:30:00+00:00,US Diplomatic Post: New Delhi-8118,296.0,32.43,68.76,77.75931088281237
2025-01-19 23:30:00+00:00,US Diplomatic Post: New Delhi-8118,180.0,20.55,58.15,78.71879552936537
2025-01-20 03:30:00+00:00,US Diplomatic Post: New Delhi-8118,159.0,21.7,67.86,83.20321608307873
2025-01-20 07:30:00+00:00,US Diplomatic Post: New Delhi-8118,-999.0,28.09,43.48,75.91612594823155
2025-01-20 11:30:00+00:00,US Diplomatic Post: New Delhi-8118,121.0,34.85,35.61,59.09555397423868
2025-01-20 15:30:00+00:00,US Diplomatic Post: New Delhi-8118,199.0,26.92,40.63,88.9713969066731
2025-01-10 04:30:00+00:00,US Diplomatic Post: New Delhi-8118,207.0,21.3,64.39,71.79200060363415
2025-01-10 08:30:00+00:00,US Diplomatic Post: New Delhi-8118,207.0,26.04,40.0,79.73117105562825
2025-01-10 12:30:00+00:00,US Diplomatic Post: New Delhi-8118,196.0,23.7,39.93,74.22563689120513
2025-01-10 16:30:00+00:00,US Diplomatic Post: New Delhi-8118,273.0,21.87,66.07,71.57149559571467
2025-01-10 19:30:00+00:00,US Diplomatic Post: New Delhi-8118,243.0,32.3,54.35,83.14284863565528
2025-01-10 23:30:00+00:00,US Diplomatic Post: New Delhi-8118,146.0,23.59,42.26,73.19351995391541
2025-01-11 03:30:00+00:00,US Diplomatic Post: New Delhi-8118,143.0,32.78,50.48,75.35351017579286
2025-01-11 07:30:00+00:00,US Diplomatic Post: New Delhi-8118,187.0,24.98,47.11,73.90888804346
2025-01-11 11:30:00+00:00,US Diplomatic Post: New Delhi-8118,201.0,23.71,32.47,71.05492679564131
2025-01-11 15:30:00+00:00,US Diplomatic Post: New Delhi-8118,135.0,34.55,54.74,78.15617975692666
2025-01-11 17:30:00+00:00,US Diplomatic Post: New Delhi-8118,126.0,28.46,36.75,67.14722120944855
2025-01-11 20:30:00+00:00,US Diplomatic Post: New Delhi-8118,129.0,33.44,66.88,60.52304108600118
2025-01-12 00:30:00+00:00,US Diplomatic Post: New Delhi-8118,173.0,20.4,31.88,67.9270083715068
2025-01-12 04:30:00+00:00,US Diplomatic Post: New Delhi-8118,137.0,32.8,41.93,53.03013171059765
2025-01-12 08:30:00+00:00,US Diplomatic Post: New Delhi-8118,144.0,32.67,54.1,76.13096880670435
2025-01-12 12:30:00+00:00,US Diplomatic Post: New Delhi-8118,138.0,29.47,44.74,63.39658136878829
2025-01-12 16:30:00+00:00,US Diplomatic Post: New Delhi-8118,217.0,33.76,57.92,84.36844031201761
2025-01-12 19:30:00+00:00,New Delhi-8118,180.0,28.73,48.09,78.76215473148879
2025-01-12 23:30:00+00:00,New Delhi-8118,108.0,29.0,52.0,84.63070319484125
2025-01-13 03:30:00+00:00,New Delhi-8118,106.0,23.37,31.04,76.13096880670435
2025-01-13 07:30:00+00:00,New Delhi-8118,110.0,30.03,46.87,75.00542405326338
2025-01-11 16:30:00+00:00,US Diplomatic Post: New Delhi-8118,127.0,23.54,57.27,79.49676530753726
2025-01-11 19:30:00+00:00,US Diplomatic Post: New Delhi-8118,134.0,23.07,36.65,60.52304108600118
2025-01-11 23:30:00+00:00,US Diplomatic Post: New Delhi-8118,159.0,24.36,52.49,84.36844031201761
2025-01-12 03:30:00+00:00,US Diplomatic Post: New Delhi-8118,129.0,22.56,57.15,72.5717877656924
2025-01-12 07:30:00+00:00,US Diplomatic Post: New Delhi-8118,158.0,33.28,52.01,83.92263579771353
2025-01-12 11:30:00+00:00,US Diplomatic Post: New Delhi-8118,149.0,31.07,34.45,72.35128275777292
2025-01-12 15:30:00+00:00,US Diplomatic Post: New Delhi-8118,156.0,25.02,41.57,75.26132963055402
2025-01-12 22:30:00+00:00,New Delhi-8118,121.0,32.03,54.61,69.27621758075882
2025-01-13 02:30:00+00:00,New Delhi-8118,88.0,34.75,44.63,71.91379898691036
2025-01-13 06:30:00+00:00,New Delhi-8118,97.0,34.12,41.84,78.76215473148879
2025-01-19 03:30:00+00:00,US Diplomatic Post: New Delhi-8118,293.0,27.73,55.11,59.2396771772203
2025-01-19 07:30:00+00:00,US Diplomatic Post: New Delhi-8118,187.0,32.87,39.71,83.08507640323674
2025-01-19 11:30:00+00:00,US Diplomatic Post: New Delhi-8118,106.0,29.91,62.42,78.86291873234698
2025-01-19 15:30:00+00:00,US Diplomatic Post: New Delhi-8118,212.0,24.37,63.29,74.10448394709499
2025-01-19 22:30:00+00:00,US Diplomatic Post: New Delhi-8118,187.0,21.68,41.08,83.08507640323674
2025-01-20 02:30:00+00:00,US Diplomatic Post: New Delhi-8118,156.0,21.84,45.81,70.63043507812948
2025-01-20 06:30:00+00:00,US Diplomatic Post: New Delhi-8118,-999.0,25.66,32.9,76.06024915121317
2025-01-20 10:30:00+00:00,US Diplomatic Post: New Delhi-8118,105.0,25.96,62.27,78.2333954215133
2025-01-20 14:30:00+00:00,US Diplomatic Post: New Delhi-8118,179.0,22.09,40.92,71.76166577106162
2025-01-10 03:30:00+00:00,US Diplomatic Post: New Delhi-8118,198.0,34.06,46.88,71.76166577106162
2025-01-10 07:30:00+00:00,US Diplomatic Post: New Delhi-8118,222.0,23.01,56.99,69.70067988466782
2025-01-10 11:30:00+00:00,US Diplomatic Post: New Delhi-8118,203.0,33.9,51.62,71.76166577106162
2025-01-10 15:30:00+00:00,US Diplomatic Post: New Delhi-8118,283.0,33.87,36.57,83.10919208233061
2025-01-10 22:30:00+00:00,US Diplomatic Post: New Delhi-8118,146.0,24.38,48.31,77.47879082270791
2025-01-11 02:30:00+00:00,US Diplomatic Post: New Delhi-8118,147.0,22.57,40.92,74.61562701888032
2025-01-11 06:30:00+00:00,US Diplomatic Post: New Delhi-8118,174.0,21.06,46.6,61.52449120485387
2025-01-11 10:30:00+00:00,US Diplomatic Post: New Delhi-8118,174.0,21.12,52.67,71.04420025687145
2025-01-11 14:30:00+00:00,US Diplomatic Post: New Delhi-8118,134.0,21.03,31.78,82.63927188893265
2025-01-08 12:30:00+00:00,US Diplomatic Post: New Delhi-8118,86.0,24.55,49.45,65.96864446272592
2025-01-08 16:30:00+00:00,US Diplomatic Post: New Delhi-8118,245.0,24.79,48.69,78.53688624724123
2025-01-08 19:30:00+00:00,US Diplomatic Post: New Delhi-8118,265.0,31.61,56.66,78.53688624724123
2025-01-08 23:30:00+00:00,US Diplomatic Post: New Delhi-8118,176.0,22.07,45.06,83.10919208233061
2025-01-09 03:30:00+00:00,US Diplomatic Post: New Delhi-8118,192.0,31.2,43.92,76.06024915121317
2025-01-09 07:30:00+00:00,US Diplomatic Post: New Delhi-8118,173.0,32.24,59.5,71.06791884899204
2025-01-09 11:30:00+00:00,US Diplomatic Post: New Delhi-8118,314.0,28.51,40.58,67.86820797304594
2025-01-09 15:30:00+00:00,US Diplomatic Post: New Delhi-8118,341.0,28.4,42.87,75.40702769890558
2025-01-09 22:30:00+00:00,US Diplomatic Post: New Delhi-8118,359.0,27.86,53.56,76.71975560178142
2025-01-11 18:30:00+00:00,US Diplomatic Post: New Delhi-8118,132.0,23.05,45.25,83.08507640323674
2025-01-11 21:30:00+00:00,US Diplomatic Post: New Delhi-8118,149.0,29.89,64.73,76.06024915121317
2025-01-12 01:30:00+00:00,US Diplomatic Post: New Delhi-8118,152.0,23.39,33.39,72.25340527782245
2025-01-12 05:30:00+00:00,US Diplomatic Post: New Delhi-8118,151.0,29.45,37.4,76.06024915121317
2025-01-12 09:30:00+00:00,US Diplomatic Post: New Delhi-8118,146.0,32.45,56.53,76.06024915121317
2025-01-12 13:30:00+00:00,US Diplomatic Post: New Delhi-8118,145.0,28.42,54.67,78.53688624724123
2025-01-12 17:30:00+00:00,US Diplomatic Post: New Delhi-8118,203.0,28.76,31.6,74.84760489792346
2025-01-12 20:30:00+00:00,New Delhi-8118,150.0,27.55,66.29,71.85783209608167
2025-01-13 00:30:00+00:00,New Delhi-8118,98.0,30.2,31.08,59.2396771772203
2025-01-13 04:30:00+00:00,New Delhi-8118,111.0,29.38,57.89,83.08507640323674
2025-01-14 18:30:00+00:00,US Diplomatic Post: New Delhi-8118,280.0,27.62,69.79,78.2333954215133
2025-01-14 21:30:00+00:00,US Diplomatic Post: New Delhi-8118,381.0,29.53,47.86,71.06791884899204
2025-01-15 01:30:00+00:00,US Diplomatic Post: New Delhi-8118,292.0,28.28,32.27,65.81153335161481
2025-01-15 05:30:00+00:00,US Diplomatic Post: New Delhi-8118,301.0,29.62,37.81,65.81153335161481
2025-01-15 09:30:00+00:00,US Diplomatic Post: New Delhi-8118,233.0,22.06,37.73,59.2396771772203
2025-01-15 13:30:00+00:00,US Diplomatic Post: New Delhi-8118,201.0,33.67,34.65,85.66215086100152
2025-01-15 17:30:00+00:00,US Diplomatic Post: New Delhi-8118,185.0,22.22,45.78,86.1998717979349
2025-01-15 20:30:00+00:00,US Diplomatic Post: New Delhi-8118,151.0,33.38,60.87,79.07819590152027
2025-01-16 00:30:00+00:00,US Diplomatic Post: New Delhi-8118,136.0,33.41,59.73,78.80314317460042
2025-01-31 00:30:00+00:00,US Diplomatic Post: New Delhi-8118,-999.0,33.3,33.18,74.87813058910677
2025-01-31 04:30:00+00:00,US Diplomatic Post: New Delhi-8118,221.0,26.44,52.12,71.6752543845154
2025-01-31 08:30:00+00:00,US Diplomatic Post: New Delhi-8118,146.0,26.04,53.17,80.03174960137883
2025-01-31 12:30:00+00:00,US Diplomatic Post: New Delhi-8118,173.0,31.03,44.67,76.79368072526418
2025-01-31 16:30:00+00:00,US Diplomatic Post: New Delhi-8118,238.0,20.01,31.64,76.79368072526418
2025-01-31 19:30:00+00:00,US Diplomatic Post: New Delhi-8118,262.0,25.97,63.41,74.82887680559853
2025-01-31 23:30:00+00:00,US Diplomatic Post: New Delhi-8118,232.0,22.48,42.84,84.14960765575111
2025-02-01 03:30:00+00:00,US Diplomatic Post: New Delhi-8118,165.0,21.18,55.25,80.03174960137883
2025-02-01 07:30:00+00:00,US Diplomatic Post: New Delhi-8118,225.0,33.45,34.83,62.67261255717692
2025-01-31 01:30:00+00:00,US Diplomatic Post: New Delhi-8118,-999.0,24.65,59.89,89.26401378876548
2025-01-31 05:30:00+00:00,US Diplomatic Post: New Delhi-8118,13.0,24.79,51.17,79.04990325027606
2025-01-31 09:30:00+00:00,US Diplomatic Post: New Delhi-8118,132.0,31.68,49.78,76.11448542291537
2025-01-31 13:30:00+00:00,US Diplomatic Post: New Delhi-8118,205.0,26.62,48.54,76.11448542291537
2025-01-31 17:30:00+00:00,US Diplomatic Post: New Delhi-8118,242.0,20.76,44.91,65.48525200304488
2025-01-31 20:30:00+00:00,US Diplomatic Post: New Delhi-8118,262.0,25.62,43.81,64.09448843187529
2025-02-01 00:30:00+00:00,US Diplomatic Post: New Delhi-8118,227.0,24.65,46.15,64.09448843187529
2025-02-01 04:30:00+00:00,US Diplomatic Post: New Delhi-8118,206.0,25.46,50.18,46.88009052022574
2025-02-01 08:30:00+00:00,US Diplomatic Post: New Delhi-8118,320.0,32.84,56.23,79.04990325027606
2025-01-30 22:30:00+00:00,US Diplomatic Post: New Delhi-8118,196.0,26.57,40.13,80.68801055943044
2025-01-31 02:30:00+00:00,US Diplomatic Post: New Delhi-8118,-999.0,34.37,45.62,86.1998717979349
2025-01-31 06:30:00+00:00,US Diplomatic Post: New Delhi-8118,166.0,29.86,61.07,81.71545124422153
2025-01-31 10:30:00+00:00,US Diplomatic Post: New Delhi-8118,132.0,23.75,46.65,67.78204836392591
2025-01-31 14:30:00+00:00,US Diplomatic Post: New Delhi-8118,219.0,34.4,64.41,85.63803518190767
2025-01-31 18:30:00+00:00,US Diplomatic Post: New Delhi-8118,254.0,29.2,41.09,85.63803518190767
2025-01-31 21:30:00+00:00,US Diplomatic Post: New Delhi-8118,264.0,23.44,60.14,79.01954203934648
2025-02-01 01:30:00+00:00,US Diplomatic Post: New Delhi-8118,217.0,27.41,41.91,79.01954203934648
2025-02-01 05:30:00+00:00,US Diplomatic Post: New Delhi-8118,273.0,30.62,65.62,41.58774214450878
2025-01-14 17:30:00+00:00,US Diplomatic Post: New Delhi-8118,239.0,20.31,46.86,65.96993573050412
2025-01-14 20:30:00+00:00,US Diplomatic Post: New Delhi-8118,301.0,26.84,57.78,18.88759219295732
2025-01-15 00:30:00+00:00,US Diplomatic Post: New Delhi-8118,306.0,32.37,31.24,73.32062109387589
2025-01-15 04:30:00+00:00,US Diplomatic Post: New Delhi-8118,267.0,22.27,40.0,18.88759219295732
2025-01-15 08:30:00+00:00,US Diplomatic Post: New Delhi-8118,279.0,32.67,65.14,76.38514424917825
2025-01-15 12:30:00+00:00,US Diplomatic Post: New Delhi-8118,188.0,25.79,48.2,47.36477424768498
2025-01-15 16:30:00+00:00,US Diplomatic Post: New Delhi-8118,215.0,32.36,68.83,88.8718936558584
2025-01-15 19:30:00+00:00,US Diplomatic Post: New Delhi-8118,158.0,23.11,50.2,73.05444374256996
2025-01-15 23:30:00+00:00,US Diplomatic Post: New Delhi-8118,-999.0,26.82,51.45,57.43614676998514
2025-01-19 06:30:00+00:00,US Diplomatic Post: New Delhi-8118,238.0,27.65,67.82,65.08055179798095
2025-01-19 10:30:00+00:00,US Diplomatic Post: New Delhi-8118,95.0,31.7,32.92,80.46505297126664
2025-01-19 14:30:00+00:00,US Diplomatic Post: New Delhi-8118,184.0,30.99,39.22,66.95624817461542
2025-01-19 18:30:00+00:00,US Diplomatic Post: New Delhi-8118,277.0,32.1,62.6,67.44232564945678
2025-01-19 21:30:00+00:00,US Diplomatic Post: New Delhi-8118,170.0,26.88,51.98,67.36133676513887
2025-01-20 01:30:00+00:00,US Diplomatic Post: New Delhi-8118,156.0,31.08,68.33,75.89046859825973
2025-01-20 05:30:00+00:00,US Diplomatic Post: New Delhi-8118,-999.0,25.61,52.23,69.54816515737394
2025-01-20 09:30:00+00:00,US Diplomatic Post: New Delhi-8118,108.0,29.75,68.0,67.36133676513887
2025-01-20 13:30:00+00:00,US Diplomatic Post: New Delhi-8118,154.0,24.48,52.11,70.50419323892142
2025-01-11 22:30:00+00:00,US Diplomatic Post: New Delhi-8118,157.0,33.88,43.85,79.6969692882704
2025-01-12 02:30:00+00:00,US Diplomatic Post: New Delhi-8118,127.0,31.71,50.83,56.94661515128562
2025-01-12 06:30:00+00:00,US Diplomatic Post: New Delhi-8118,174.0,21.67,50.28,67.44232564945678
2025-01-12 10:30:00+00:00,US Diplomatic Post: New Delhi-8118,150.0,34.23,43.66,50.42926810261429
2025-01-12 14:30:00+00:00,US Diplomatic Post: New Delhi-8118,153.0,29.58,34.49,78.22361136739818
2025-01-12 18:30:00+00:00,US Diplomatic Post: New Delhi-8118,199.0,25.91,57.84,51.60188591354628
2025-01-12 21:30:00+00:00,New Delhi-8118,138.0,34.21,37.67,78.22361136739818
2025-01-13 01:30:00+00:00,New Delhi-8118,84.0,24.07,44.39,97.0191317416204
2025-01-13 05:30:00+00:00,New Delhi-8118,121.0,30.17,68.96,52.62791011918324
2025-01-14 22:30:00+00:00,US Diplomatic Post: New Delhi-8118,362.0,27.88,30.97,64.32261164059253
2025-01-15 02:30:00+00:00,US Diplomatic Post: New Delhi-8118,291.0,29.12,52.12,54.30911205973887
2025-01-15 06:30:00+00:00,US Diplomatic Post: New Delhi-8118,321.0,28.34,47.86,68.76650321269311
2025-01-15 10:30:00+00:00,US Diplomatic Post: New Delhi-8118,202.0,32.56,55.52,51.60188591354628
2025-01-15 14:30:00+00:00,US Diplomatic Post: New Delhi-8118,192.0,21.54,42.17,73.9610618556817
2025-01-15 18:30:00+00:00,US Diplomatic Post: New Delhi-8118,156.0,22.54,47.36,52.62791011918324
2025-01-15 21:30:00+00:00,US Diplomatic Post: New Delhi-8118,145.0,31.84,33.06,52.62791011918324
2025-01-16 01:30:00+00:00,US Diplomatic Post: New Delhi-8118,125.0,34.77,39.51,68.59897581723462
2025-01-08 15:30:00+00:00,US Diplomatic Post: New Delhi-8118,195.0,20.7,54.36,67.63527251976099
2025-01-08 22:30:00+00:00,US Diplomatic Post: New Delhi-8118,191.0,34.51,60.96,51.60188591354628
2025-01-09 02:30:00+00:00,US Diplomatic Post: New Delhi-8118,160.0,30.93,64.65,69.47775091654857
2025-01-09 06:30:00+00:00,US Diplomatic Post: New Delhi-8118,180.0,23.67,49.56,97.0191317416204
2025-01-09 10:30:00+00:00,US Diplomatic Post: New Delhi-8118,323.0,33.24,48.05,73.99761966926134
2025-01-09 14:30:00+00:00,US Diplomatic Post: New Delhi-8118,371.0,34.76,44.62,45.82923831780504
2025-01-09 18:30:00+00:00,US Diplomatic Post: New Delhi-8118,347.0,22.59,65.15,51.60188591354628
2025-01-09 21:30:00+00:00,US Diplomatic Post: New Delhi-8118,373.0,32.03,46.39,71.63584581778551
2025-01-17 19:30:00+00:00,US Diplomatic Post: New Delhi-8118,125.0,23.39,46.88,76.48788920136668
2025-01-17 23:30:00+00:00,US Diplomatic Post: New Delhi-8118,125.0,29.58,57.72,67.63527251976099
2025-01-18 03:30:00+00:00,US Diplomatic Post: New Delhi-8118,113.0,24.76,65.2,76.48788920136668
2025-01-18 07:30:00+00:00,US Diplomatic Post: New Delhi-8118,147.0,31.85,60.17,73.99761966926134
2025-01-18 11:30:00+00:00,US Diplomatic Post: New Delhi-8118,220.0,34.98,45.64,52.62791011918324
2025-01-18 15:30:00+00:00,US Diplomatic Post: New Delhi-8118,196.0,25.54,42.17,79.05555290589648
2025-01-18 22:30:00+00:00,US Diplomatic Post: New Delhi-8118,225.0,25.56,36.31,87.27326823552833
2025-01-19 02:30:00+00:00,US Diplomatic Post: New Delhi-8118,280.0,23.96,60.41,44.39887569347164
2025-01-30 23:30:00+00:00,US Diplomatic Post: New Delhi-8118,186.0,32.92,48.84,78.41280897560335
2025-01-31 03:30:00+00:00,US Diplomatic Post: New Delhi-8118,213.0,29.39,58.46,77.10263876639986
2025-01-31 07:30:00+00:00,US Diplomatic Post: New Delhi-8118,146.0,21.9,38.65,52.99625200580453
2025-01-31 11:30:00+00:00,US Diplomatic Post: New Delhi-8118,144.0,20.7,52.49,85.50022979417183
2025-01-31 15:30:00+00:00,US Diplomatic Post: New Delhi-8118,225.0,20.03,42.91,86.06132032340746
2025-01-31 22:30:00+00:00,US Diplomatic Post: New Delhi-8118,253.0,22.74,46.26,77.10263876639986
2025-02-01 02:30:00+00:00,US Diplomatic Post: New Delhi-8118,173.0,27.21,41.45,85.50022979417183
2025-02-01 06:30:00+00:00,US Diplomatic Post: New Delhi-8118,275.0,20.05,37.8,77.10263876639986
2025-01-13 09:30:00+00:00,New Delhi-8118,114.0,33.16,54.73,79.05555290589648
2025-01-13 13:30:00+00:00,New Delhi-8118,123.0,26.92,50.44,56.38391148381677
2025-01-13 17:30:00+00:00,New Delhi-8118,187.0,34.31,42.01,39.30855764870431
2025-01-13 20:30:00+00:00,US Diplomatic Post: New Delhi-8118,107.0,25.58,36.15,36.494988421787134
2025-01-14 00:30:00+00:00,US Diplomatic Post: New Delhi-8118,131.0,20.47,60.19,46.3704119029631
2025-01-14 04:30:00+00:00,US Diplomatic Post: New Delhi-8118,139.0,32.76,30.87,78.41280897560335
2025-01-14 08:30:00+00:00,US Diplomatic Post: New Delhi-8118,140.0,33.04,58.32,82.0977580069946
2025-01-14 12:30:00+00:00,US Diplomatic Post: New Delhi-8118,150.0,26.98,44.4,53.05063822857789
2025-01-14 16:30:00+00:00,US Diplomatic Post: New Delhi-8118,219.0,32.21,58.45,40.34513484228537
2025-01-13 08:30:00+00:00,New Delhi-8118,104.0,20.73,64.94,71.17344388481781
2025-01-13 12:30:00+00:00,New Delhi-8118,117.0,20.8,54.93,77.15702498917322
2025-01-13 16:30:00+00:00,New Delhi-8118,151.0,21.7,58.3,79.0327213658077
2025-01-13 19:30:00+00:00,US Diplomatic Post: New Delhi-8118,135.0,22.31,41.52,46.89686119749913
2025-01-13 23:30:00+00:00,US Diplomatic Post: New Delhi-8118,122.0,32.46,55.83,82.99019851073102
2025-01-14 03:30:00+00:00,US Diplomatic Post: New Delhi-8118,134.0,30.41,39.77,40.34513484228537
2025-01-14 07:30:00+00:00,US Diplomatic Post: New Delhi-8118,144.0,21.18,46.54,79.0977663612047
2025-01-14 11:30:00+00:00,US Diplomatic Post: New Delhi-8118,134.0,20.11,61.44,44.92532498800767
2025-01-14 15:30:00+00:00,US Diplomatic Post: New Delhi-8118,248.0,22.68,57.95,53.0794180048137
2025-01-28 14:30:00+00:00,US Diplomatic Post: New Delhi-8118,126.0,26.59,34.92,87.82093323175886
2025-01-28 18:30:00+00:00,US Diplomatic Post: New Delhi-8118,155.0,32.19,34.88,56.9103607783528
2025-01-28 21:30:00+00:00,US Diplomatic Post: New Delhi-8118,181.0,30.65,69.63,88.38575738740109
2025-01-29 01:30:00+00:00,US Diplomatic Post: New Delhi-8118,396.0,21.62,48.83,77.88983723007365
2025-01-29 05:30:00+00:00,US Diplomatic Post: New Delhi-8118,345.0,31.07,49.49,87.31953385739749
2025-01-29 09:30:00+00:00,US Diplomatic Post: New Delhi-8118,132.0,33.39,60.62,53.0794180048137
2025-01-29 13:30:00+00:00,US Diplomatic Post: New Delhi-8118,146.0,32.89,65.35,69.15502061409947
2025-01-29 17:30:00+00:00,US Diplomatic Post: New Delhi-8118,233.0,20.26,54.99,75.64455238158881
2025-01-17 20:30:00+00:00,US Diplomatic Post: New Delhi-8118,153.0,28.44,34.34,63.57730504403532
2025-01-18 00:30:00+00:00,US Diplomatic Post: New Delhi-8118,122.0,30.48,37.99,82.44193394380189
2025-01-18 04:30:00+00:00,US Diplomatic Post: New Delhi-8118,117.0,28.21,41.95,79.00130099543733
2025-01-18 08:30:00+00:00,US Diplomatic Post: New Delhi-8118,178.0,31.59,64.34,79.00987206287019
2025-01-18 12:30:00+00:00,US Diplomatic Post: New Delhi-8118,200.0,33.26,34.35,88.3543370170307
2025-01-18 16:30:00+00:00,US Diplomatic Post: New Delhi-8118,228.0,24.32,32.88,82.11943527972186
2025-01-18 19:30:00+00:00,US Diplomatic Post: New Delhi-8118,225.0,30.94,54.44,62.77476657545424
2025-01-18 23:30:00+00:00,US Diplomatic Post: New Delhi-8118,210.0,33.64,36.9,82.11943527972186
2025-01-17 21:30:00+00:00,US Diplomatic Post: New Delhi-8118,137.0,29.66,50.51,62.162460735842295
2025-01-18 01:30:00+00:00,US Diplomatic Post: New Delhi-8118,120.0,29.49,62.19,53.70763736497095
2025-01-18 05:30:00+00:00,US Diplomatic Post: New Delhi-8118,132.0,34.57,57.08,53.70763736497095
2025-01-18 09:30:00+00:00,US Diplomatic Post: New Delhi-8118,177.0,27.65,34.72,62.77476657545424
2025-01-18 13:30:00+00:00,US Diplomatic Post: New Delhi-8118,186.0,29.21,36.2,82.15924900891262
2025-01-18 17:30:00+00:00,US Diplomatic Post: New Delhi-8118,295.0,30.09,50.65,100.59877580942326
2025-01-18 20:30:00+00:00,US Diplomatic Post: New Delhi-8118,232.0,20.26,47.97,51.18684309430399
2025-01-19 00:30:00+00:00,US Diplomatic Post: New Delhi-8118,220.0,24.8,37.25,46.209540639386816
2025-01-17 22:30:00+00:00,US Diplomatic Post: New Delhi-8118,131.0,32.66,39.76,65.85784295352695
2025-01-18 02:30:00+00:00,US Diplomatic Post: New Delhi-8118,113.0,34.08,30.64,100.59877580942326
2025-01-18 06:30:00+00:00,US Diplomatic Post: New Delhi-8118,137.0,28.79,52.85,64.15430027796285
2025-01-18 10:30:00+00:00,US Diplomatic Post: New Delhi-8118,219.0,23.55,50.06,63.50122400259082
2025-01-18 14:30:00+00:00,US Diplomatic Post: New Delhi-8118,188.0,22.3,65.94,79.00130099543733
2025-01-18 18:30:00+00:00,US Diplomatic Post: New Delhi-8118,222.0,20.17,59.83,100.59877580942326
2025-01-18 21:30:00+00:00,US Diplomatic Post: New Delhi-8118,232.0,31.24,30.1,82.11943527972186
2025-01-19 01:30:00+00:00,US Diplomatic Post: New Delhi-8118,246.0,25.84,32.5,88.3543370170307
2025-02-09 22:30:00+00:00,US Diplomatic Post: New Delhi-8118,178.0,21.52,50.61,63.50122400259082
2025-02-10 02:30:00+00:00,US Diplomatic Post: New Delhi-8118,178.0,34.52,41.54,82.44193394380189
2025-02-10 06:30:00+00:00,US Diplomatic Post: New Delhi-8118,72.0,34.52,59.25,-0.3043415802819794
2025-02-10 10:30:00+00:00,US Diplomatic Post: New Delhi-8118,59.0,25.29,55.17,1.3783922194994924
2025-02-10 14:30:00+00:00,US Diplomatic Post: New Delhi-8118,86.0,26.74,69.19,12.657143125871803
2025-02-10 18:30:00+00:00,US Diplomatic Post: New Delhi-8118,165.0,27.15,50.03,1.3783922194994924
2025-02-10 21:30:00+00:00,US Diplomatic Post: New Delhi-8118,214.0,26.75,48.01,-3.959209518531
2025-02-11 01:30:00+00:00,US Diplomatic Post: New Delhi-8118,158.0,30.96,31.84,-28.445636884270616
2025-02-10 00:30:00+00:00,US Diplomatic Post: New Delhi-8118,165.0,27.45,52.1,3.2690088663476127
2025-02-10 04:30:00+00:00,US Diplomatic Post: New Delhi-8118,146.0,28.93,41.2,12.657143125871803
2025-02-10 08:30:00+00:00,US Diplomatic Post: New Delhi-8118,48.0,28.85,44.91,-69.37821014038741
2025-02-10 12:30:00+00:00,US Diplomatic Post: New Delhi-8118,64.0,31.51,36.85,-3.959209518531
2025-02-10 16:30:00+00:00,US Diplomatic Post: New Delhi-8118,129.0,26.01,55.59,-62.63529709029569
2025-02-10 19:30:00+00:00,US Diplomatic Post: New Delhi-8118,182.0,31.08,46.33,-125.2163482644088
2025-02-10 23:30:00+00:00,US Diplomatic Post: New Delhi-8118,150.0,22.97,42.05,22.463183667901585
2025-02-11 03:30:00+00:00,US Diplomatic Post: New Delhi-8118,192.0,20.99,64.73,-32.678422282223174
